{
  "_disable_action_flattening": false,
  "_disable_execution_plan_api": true,
  "_disable_preprocessor_api": false,
  "_fake_gpus": false,
  "_tf_policy_handles_more_than_one_loss": false,
  "action_space": "Discrete(12)",
  "actions_in_input_normalized": false,
  "adam_epsilon": 1e-08,
  "always_attach_evaluation_results": false,
  "batch_mode": "truncate_episodes",
  "before_learn_on_batch": null,
  "callbacks": "<class 'ray.rllib.algorithms.callbacks.DefaultCallbacks'>",
  "categorical_distribution_temperature": 1.0,
  "clip_actions": false,
  "clip_rewards": null,
  "compress_observations": false,
  "create_env_on_driver": false,
  "custom_eval_function": null,
  "custom_resources_per_worker": {},
  "disable_env_checking": false,
  "double_q": true,
  "dueling": true,
  "eager_max_retraces": 20,
  "eager_tracing": false,
  "enable_async_evaluation": false,
  "enable_connectors": false,
  "enable_tf1_exec_eagerly": false,
  "env": "my_env",
  "env_config": {},
  "env_task_fn": null,
  "evaluation_config": {
    "explore": false
  },
  "evaluation_duration": 10,
  "evaluation_duration_unit": "episodes",
  "evaluation_interval": null,
  "evaluation_num_workers": 0,
  "evaluation_parallel_to_training": false,
  "evaluation_sample_timeout_s": 180.0,
  "exploration_config": {
    "epsilon_timesteps": 50000,
    "final_epsilon": 0.1,
    "initial_epsilon": 1.0,
    "type": "EpsilonGreedy"
  },
  "explore": true,
  "export_native_model_files": false,
  "extra_python_environs_for_driver": {},
  "extra_python_environs_for_worker": {},
  "fake_sampler": false,
  "framework": "torch",
  "gamma": 0.99,
  "grad_clip": 40,
  "hiddens": [
    256
  ],
  "horizon": null,
  "ignore_worker_failures": false,
  "in_evaluation": false,
  "input": "sampler",
  "input_config": {},
  "keep_per_episode_custom_metrics": false,
  "local_tf_session_args": {
    "inter_op_parallelism_threads": 8,
    "intra_op_parallelism_threads": 8
  },
  "log_level": "WARN",
  "log_sys_usage": true,
  "logger_config": null,
  "logger_creator": null,
  "lr": 0.001,
  "lr_schedule": null,
  "max_requests_in_flight_per_sampler_worker": 2,
  "metrics_episode_collection_timeout_s": 60.0,
  "metrics_num_episodes_for_smoothing": 100,
  "min_sample_timesteps_per_iteration": 1000,
  "min_time_s_per_iteration": null,
  "min_train_timesteps_per_iteration": 0,
  "model": {
    "_disable_action_flattening": false,
    "_disable_preprocessor_api": false,
    "_time_major": false,
    "_use_default_native_models": false,
    "attention_dim": 64,
    "attention_head_dim": 32,
    "attention_init_gru_gate_bias": 2.0,
    "attention_memory_inference": 50,
    "attention_memory_training": 50,
    "attention_num_heads": 1,
    "attention_num_transformer_units": 1,
    "attention_position_wise_mlp_dim": 32,
    "attention_use_n_prev_actions": 0,
    "attention_use_n_prev_rewards": 0,
    "conv_activation": "relu",
    "conv_filters": null,
    "custom_action_dist": null,
    "custom_model": null,
    "custom_model_config": {},
    "custom_preprocessor": null,
    "dim": 84,
    "fcnet_activation": "tanh",
    "fcnet_hiddens": [
      256,
      256
    ],
    "framestack": true,
    "free_log_std": false,
    "grayscale": false,
    "lstm_cell_size": 256,
    "lstm_use_prev_action": false,
    "lstm_use_prev_action_reward": -1,
    "lstm_use_prev_reward": false,
    "max_seq_len": 20,
    "no_final_linear": false,
    "post_fcnet_activation": "relu",
    "post_fcnet_hiddens": [],
    "use_attention": false,
    "use_lstm": false,
    "vf_share_layers": true,
    "zero_mean": true
  },
  "multiagent": {
    "count_steps_by": "env_steps",
    "observation_fn": null,
    "policies": {
      "default_policy": "<ray.rllib.policy.policy.PolicySpec object at 0x00000121CE3CE800>"
    },
    "policies_to_train": null,
    "policy_map_cache": null,
    "policy_map_capacity": 100,
    "policy_mapping_fn": "<function AlgorithmConfig.__init__.<locals>.<lambda> at 0x00000121CD9468C0>"
  },
  "n_step": 1,
  "no_done_at_end": false,
  "noisy": false,
  "normalize_actions": true,
  "num_atoms": 1,
  "num_consecutive_worker_failures_tolerance": 100,
  "num_cpus_for_driver": 1,
  "num_cpus_per_worker": 1,
  "num_envs_per_worker": 1,
  "num_gpus": 0,
  "num_gpus_per_worker": 0,
  "num_steps_sampled_before_learning_starts": 1000,
  "num_workers": 4,
  "observation_filter": "NoFilter",
  "observation_space": "Box([-inf   0.   0.   0.   0.   0.   0.   0.   0.   0.   0.   0.   0.   0.\n   0.   0.   0.   0.   0.   0.   0.   0.   0.   0.   0.   0.   0.   0.\n   0.   0.   0.   0.   0.   0.   0.   0.   0.   0.   0.   0.   0.   0.\n   0.   0.   0.   0.   0.   0.   0.   0.   0.   0.   0.   0.   0.   0.\n   0.   0.   0.   0.   0.   0.   0.   0.   0.   0.   0.   0.   0.   0.\n   0.   0.   0.   0.   0.   0.   0.   0.   0.   0.   0.   0.   0.   0.\n   0.   0.   0.   0.   0.   0.   0.   0.   0.   0.   0.   0.   0.   0.\n   0.   0.   0.   0.   0.   0.   0.   0.   0.   0.   0.   0.   0.   0.\n   0.   0.   0.   0.   0.   0.   0.   0.   0.   0.   0.   0.   0.   0.\n   0.   0.   0.   0.   0.   0.   0.   0.   0.   0.   0.   0.   0.   0.\n   0.   0.   0.   0.   0.   0.   0.   0.   0.   0.   0.], 1.0, (151,), float64)",
  "off_policy_estimation_methods": {},
  "offline_sampling": false,
  "ope_split_batch_by_episode": true,
  "optimizer": {},
  "output": null,
  "output_compress_columns": [
    "obs",
    "new_obs"
  ],
  "output_config": {},
  "output_max_file_size": 67108864,
  "placement_strategy": "PACK",
  "postprocess_inputs": false,
  "preprocessor_pref": "deepmind",
  "recreate_failed_workers": false,
  "remote_env_batch_wait_ms": 0,
  "remote_worker_envs": false,
  "render_env": false,
  "replay_buffer_config": {
    "capacity": 100000,
    "prioritized_replay": -1,
    "prioritized_replay_alpha": 0.6,
    "prioritized_replay_beta": 0.4,
    "prioritized_replay_eps": 1e-06,
    "replay_sequence_length": 1,
    "type": "MultiAgentPrioritizedReplayBuffer",
    "worker_side_prioritization": false
  },
  "replay_sequence_length": null,
  "restart_failed_sub_environments": false,
  "rollout_fragment_length": 24,
  "sample_async": false,
  "sample_collector": "<class 'ray.rllib.evaluation.collectors.simple_list_collector.SimpleListCollector'>",
  "sampler_perf_stats_ema_coef": null,
  "seed": null,
  "shuffle_buffer_size": 0,
  "sigma0": 0.5,
  "simple_optimizer": -1,
  "soft_horizon": false,
  "store_buffer_in_checkpoints": false,
  "sync_filters_on_rollout_workers_timeout_s": 60.0,
  "synchronize_filters": true,
  "target_network_update_freq": 500,
  "tau": 1.0,
  "td_error_loss_fn": "huber",
  "tf_session_args": {
    "allow_soft_placement": true,
    "device_count": {
      "CPU": 1
    },
    "gpu_options": {
      "allow_growth": true
    },
    "inter_op_parallelism_threads": 2,
    "intra_op_parallelism_threads": 2,
    "log_device_placement": false
  },
  "train_batch_size": 2400,
  "training_intensity": null,
  "v_max": 10.0,
  "v_min": -10.0,
  "validate_workers_after_construction": true,
  "worker_cls": null
}